{
    "ABAFUH": {
        "ABAFUH": 1.0,
        "ABAGAO": 0.3443481544880241,
        "ABALOF": 0.2584243033879438,
        "ABAVIJ": 0.17553278800978658,
        "ABAVOP": 0.3550466362911306,
        "ABAVUV": 0.30195684593516436,
        "ABAXOT": 0.3965764125775429,
        "ABAXUZ": 0.38661797080023436,
        "ABAYIM": 0.26766342568929835,
        "ABAYIO": 0.05602718728569648,
        "ABAYOU": 0.05828164927825916,
        "ABAZAE": 0.20651078325587852,
        "ABAZEI": 0.13371415880983326,
        "EBABAL": 0.2775559172520448,
        "EBADOD": 0.0999508850336894,
        "EBAHOF": 0.009788942383116929,
        "EBAHUL": 0.04444164600365314,
        "EBAJAU": 0.3105388006728995,
        "EBAMOL": 0.07334927756228106,
        "EBANON": 0.2157026180639885,
        "EBAQOO": 0.4008184752533165,
        "EBAQUU": 0.19174280195673202,
        "EBAQUV": 0.42820683007258253,
        "EBARAB": 0.1855054340112577,
        "EBASIK": 0.1791851692576693,
        "EBATEI": 0.24358733209141065,
        "EBATIL": 0.3230981863506395,
        "EBATOR": 0.32695687812896157,
        "EBAVAF": 0.19313868100451823,
        "EBAVEJ": 0.3457146249155314,
        "EBAVIN": 0.32947613794841935,
        "EBAVOV": 0.0777007755243346,
        "EBAWOW": 0.062371608415917004
    },
    "ABAGAO": {
        "ABAFUH": 0.3443481544880241,
        "ABAGAO": 1.0,
        "ABALOF": 0.4338574367191026,
        "ABAVIJ": 0.1338198366776617,
        "ABAVOP": 0.31287069610045815,
        "ABAVUV": 0.35050033311048623,
        "ABAXOT": 0.34994219918319336,
        "ABAXUZ": 0.3031866195935227,
        "ABAYIM": 0.37628606116056057,
        "ABAYIO": 0.038891777745998314,
        "ABAYOU": 0.03953165812565844,
        "ABAZAE": 0.14744830822562968,
        "ABAZEI": 0.09818880831909645,
        "EBABAL": 0.23859294815657386,
        "EBADOD": 0.07341624155654894,
        "EBAHOF": 0.007540444493341803,
        "EBAHUL": 0.03221238795857389,
        "EBAJAU": 0.23469267229059187,
        "EBAMOL": 0.05793883300547949,
        "EBANON": 0.17193858092428027,
        "EBAQOO": 0.27804580839065585,
        "EBAQUU": 0.15441957465555517,
        "EBAQUV": 0.3810558569942191,
        "EBARAB": 0.16085896302745684,
        "EBASIK": 0.2139289666438844,
        "EBATEI": 0.3620717512540849,
        "EBATIL": 0.4142570766715846,
        "EBATOR": 0.43459489439245247,
        "EBAVAF": 0.15896315044404402,
        "EBAVEJ": 0.28718784219520654,
        "EBAVIN": 0.26915356607382523,
        "EBAVOV": 0.05370269526754163,
        "EBAWOW": 0.05000039888244904
    },
    "ABALOF": {
        "ABAFUH": 0.2584243033879438,
        "ABAGAO": 0.4338574367191026,
        "ABALOF": 1.0,
        "ABAVIJ": 0.11787076995611108,
        "ABAVOP": 0.22875038860899455,
        "ABAVUV": 0.3449222336303022,
        "ABAXOT": 0.2823259643434047,
        "ABAXUZ": 0.27323565089846924,
        "ABAYIM": 0.35468789146359775,
        "ABAYIO": 0.034323327148558964,
        "ABAYOU": 0.036801003427492235,
        "ABAZAE": 0.121328532626845,
        "ABAZEI": 0.08297142550828915,
        "EBABAL": 0.19988926715042243,
        "EBADOD": 0.06294595030643882,
        "EBAHOF": 0.006381786529037814,
        "EBAHUL": 0.027327598053430508,
        "EBAJAU": 0.20776960720040086,
        "EBAMOL": 0.05300413304037363,
        "EBANON": 0.14143298238588956,
        "EBAQOO": 0.2356367419768394,
        "EBAQUU": 0.13909129788840566,
        "EBAQUV": 0.3143336766153338,
        "EBARAB": 0.13707109785758556,
        "EBASIK": 0.22640664736611196,
        "EBATEI": 0.3633597162359798,
        "EBATIL": 0.3552030537172271,
        "EBATOR": 0.3437165774364067,
        "EBAVAF": 0.13140997536891133,
        "EBAVEJ": 0.2525450021471304,
        "EBAVIN": 0.2215729514135873,
        "EBAVOV": 0.04940880296012651,
        "EBAWOW": 0.04105343508185594
    },
    "ABAVIJ": {
        "ABAFUH": 0.17553278800978658,
        "ABAGAO": 0.1338198366776617,
        "ABALOF": 0.11787076995611108,
        "ABAVIJ": 1.0,
        "ABAVOP": 0.20016241510394342,
        "ABAVUV": 0.11136613394773731,
        "ABAXOT": 0.1711114884359679,
        "ABAXUZ": 0.19518555998287268,
        "ABAYIM": 0.11435225494323932,
        "ABAYIO": 0.13480692604998462,
        "ABAYOU": 0.14151822923792398,
        "ABAZAE": 0.3748382806818346,
        "ABAZEI": 0.35251842203027167,
        "EBABAL": 0.2450698142164699,
        "EBADOD": 0.2216587756352707,
        "EBAHOF": 0.023397546751406886,
        "EBAHUL": 0.1055072958680771,
        "EBAJAU": 0.260116089500466,
        "EBAMOL": 0.16891828119396907,
        "EBANON": 0.350254954998371,
        "EBAQOO": 0.2431947855709163,
        "EBAQUU": 0.40868085176652763,
        "EBAQUV": 0.1878938851079784,
        "EBARAB": 0.39692160309915125,
        "EBASIK": 0.061319862985364314,
        "EBATEI": 0.10050966287817226,
        "EBATIL": 0.1454864978693376,
        "EBATOR": 0.15310223163373313,
        "EBAVAF": 0.3516901519736586,
        "EBAVEJ": 0.22599572886383223,
        "EBAVIN": 0.24479202264924915,
        "EBAVOV": 0.1754774662164053,
        "EBAWOW": 0.14921248746574428
    },
    "ABAVOP": {
        "ABAFUH": 0.3550466362911306,
        "ABAGAO": 0.31287069610045815,
        "ABALOF": 0.22875038860899455,
        "ABAVIJ": 0.20016241510394342,
        "ABAVOP": 1.0,
        "ABAVUV": 0.21546333926696484,
        "ABAXOT": 0.35787069332415516,
        "ABAXUZ": 0.41416697755908516,
        "ABAYIM": 0.26981516556712076,
        "ABAYIO": 0.06401081749022974,
        "ABAYOU": 0.06808075394442939,
        "ABAZAE": 0.24197952248626253,
        "ABAZEI": 0.1699822562466136,
        "EBABAL": 0.35244476862665763,
        "EBADOD": 0.11596573237077053,
        "EBAHOF": 0.011307961092999742,
        "EBAHUL": 0.05651537235280292,
        "EBAJAU": 0.35334648573907,
        "EBAMOL": 0.08537352818351314,
        "EBANON": 0.2726969714601537,
        "EBAQOO": 0.4375912072994978,
        "EBAQUU": 0.22838420371210166,
        "EBAQUV": 0.38416697508034847,
        "EBARAB": 0.236944802189247,
        "EBASIK": 0.1492133587452958,
        "EBATEI": 0.23495406274824518,
        "EBATIL": 0.3138429279308186,
        "EBATOR": 0.2942596117938118,
        "EBAVAF": 0.2512769476963937,
        "EBAVEJ": 0.4397324335284671,
        "EBAVIN": 0.3783067722955636,
        "EBAVOV": 0.08486680801105866,
        "EBAWOW": 0.07412917989594832
    },
    "ABAVUV": {
        "ABAFUH": 0.30195684593516436,
        "ABAGAO": 0.35050033311048623,
        "ABALOF": 0.3449222336303022,
        "ABAVIJ": 0.11136613394773731,
        "ABAVOP": 0.21546333926696484,
        "ABAVUV": 1.0,
        "ABAXOT": 0.27058175825823594,
        "ABAXUZ": 0.2358336996625287,
        "ABAYIM": 0.36960971127084546,
        "ABAYIO": 0.034211716103624557,
        "ABAYOU": 0.03593790486649241,
        "ABAZAE": 0.11598998184896768,
        "ABAZEI": 0.077862724762962,
        "EBABAL": 0.15363003137347547,
        "EBADOD": 0.056609315946440766,
        "EBAHOF": 0.005813718272982116,
        "EBAHUL": 0.023905939149248358,
        "EBAJAU": 0.17311577373132164,
        "EBAMOL": 0.044412718153253795,
        "EBANON": 0.14014083359010268,
        "EBAQOO": 0.20472765579370633,
        "EBAQUU": 0.12166705809261333,
        "EBAQUV": 0.2583892544501712,
        "EBARAB": 0.12391453099790249,
        "EBASIK": 0.29083370504241995,
        "EBATEI": 0.39259295225066065,
        "EBATIL": 0.3091895471309175,
        "EBATOR": 0.3150003530710553,
        "EBAVAF": 0.11587806113625641,
        "EBAVEJ": 0.21866108177850946,
        "EBAVIN": 0.18810521972757283,
        "EBAVOV": 0.042071018331239954,
        "EBAWOW": 0.0359397994269927
    },
    "ABAXOT": {
        "ABAFUH": 0.3965764125775429,
        "ABAGAO": 0.34994219918319336,
        "ABALOF": 0.2823259643434047,
        "ABAVIJ": 0.1711114884359679,
        "ABAVOP": 0.35787069332415516,
        "ABAVUV": 0.27058175825823594,
        "ABAXOT": 1.0,